{"cameraMode":{"drawMode":0,"name":"Shaded","section":"Shading Mode"},"sceneLighting":true,"audioPlay":false,"sceneViewState":{"showFog":false,"showMaterialUpdate":false,"showSkybox":false,"showFlares":false,"showImageEffects":false,"showParticleSystems":false,"showVisualEffectGraphs":true,"m_FxEnabled":true},"in2DMode":false,"pivot":{"x":14.582695960998536,"y":5.9229512214660648,"z":4.406394958496094},"rotation":{"x":0.013576414436101914,"y":-0.46067237854003909,"z":-0.007032124325633049,"w":-0.8874623775482178},"size":12.12435531616211,"orthographic":false}